zipcode,CD116FP,area,area_prop,DEM,REP,total
80476,02,148763461.3031006,1.0,604.0,0.0,604.0
80477,03,69330.353515625,1.0,47302.0,2733.0,50035.0
80478,02,108718525.97094727,1.0,4253.0,1000.0,5253.0
80479,03,292389803.3261719,1.0,,,
80480,03,3955723129.647583,0.9999993098203476,727.9994975492131,0.0,727.9994975492131
80480,02,2730.1614990234375,6.901796524279883e-07,0.0005024507869675755,0.0,0.0005024507869675755
80481,02,188747815.99694824,1.0,5307.0,603.0,5910.0
80482,02,335964707.1904297,1.0,6071.0,366.0,6437.0
80483,03,225388678.21801758,1.0,,,
80487,03,1897536247.7922363,0.9999999089777589,55539.994944624734,16841.998467003417,72381.99341162815
80487,02,172.718017578125,9.102224110759389e-08,0.005055375271115764,0.0015329965847340962,0.006588371855849861
80488,03,28500.8115234375,1.0,11071.0,1518.0,12589.0
80497,02,34223361.62597656,1.0,4854.0,0.0,4854.0
80498,02,687228439.9919434,1.0,25405.0,6206.0,31611.0
80501,04,32608954.767944336,0.9999945006519045,93945.48335824383,14466.920440931102,108412.40379917492
80501,02,179.3289794921875,5.4993480955112035e-06,0.5166417561808955,0.07955906889776058,0.5962008250786561
80503,04,51028629.2890625,0.20944839325981496,55643.526292155264,16578.259223300873,72221.78551545614
80503,02,192604795.13049316,0.790551606740185,210023.47370784474,62573.740776699124,272597.21448454383
80504,04,217327268.64648438,0.8154977480087316,81937.95172892533,38515.958638452394,120861.65924138208
80504,02,49169198.299194336,0.18450225199126838,18538.04827107468,8714.041361547606,27344.34075861792
80510,02,172284197.60388184,1.0,1401.0,237.0,1638.0
80511,02,268127.9865722656,1.0,30.0,12.0,42.0
80512,03,59.747314453125,4.669048726234149e-08,0.0003456963676903764,0.00010061800005034592,0.0004463143677407223
80512,02,1279646351.253296,0.9999999533095127,7403.999654303632,2154.999899382,9558.999553685633
80758,04,1756774646.4069824,1.0,39.0,132.0,171.0
80938,05,8614985.166992188,1.0,181.0,0.0,181.0
80939,05,1303058.4404296875,1.0,,,
80951,05,12216363.143798828,1.0,2719.0,642.0,3361.0
81001,03,90767989.47631836,1.0,10988.0,3810.0,14798.0
81003,03,21474780.362060547,1.0,9484.0,0.0,9484.0
81004,03,425362790.50561523,1.0,10238.0,0.0,10538.0
81005,03,602708616.7669678,0.9999997801761692,9498.997911893432,184003.95955153584,193502.95746342928
81005,05,132.48974609375,2.1982383075928797e-07,0.0020881065683824767,0.040448464155032025,0.0425365707234145
81006,03,149009332.63305664,1.0,3616.0,4726.0,8342.0
81007,03,387999077.24243164,0.9999997076582956,11595.996610005595,13403.996081451794,25299.99260375488
81007,05,113.4283447265625,2.9234170445166806e-07,0.003389994404821543,0.003918548206470159,0.007396245122627202
81008,03,314674430.45166016,0.9049732359975048,7895.891484078229,5322.147600901326,13218.039084979555
81008,05,33042405.731689453,0.09502676400249521,829.1085159217707,558.8523990986744,1387.960915020445
81019,03,25960150.892578125,1.0,1018.0,480.0,1498.0
81020,03,1811.811279296875,1.2070366044689785e-06,0.0005359242523842265,0.0011925521652153507,0.0017284764175995772
81020,04,1501039061.8364258,0.9999987929633956,443.99946407574765,987.9988074478348,1431.9982715235824
81021,04,575676559.296875,1.0,,,
81022,03,1105948774.8330078,1.0,,,
81023,03,326421166.2578125,1.0,1831.0,874.0,2705.0
81024,04,108589728.31298828,1.0,280.0,947.0,1227.0
81025,03,1423518582.474121,0.9999995181245526,245.99988145863992,0.0,245.99988145863992
81025,05,448.953857421875,3.153830561886577e-07,7.75842318224098e-05,0.0,7.75842318224098e-05
81025,04,237.005126953125,1.6649239122277636e-07,4.095712824080298e-05,0.0,4.095712824080298e-05
81027,04,1602994726.6611328,1.0,,,
81029,04,1421762016.97583,1.0,0.0,242.0,242.0
81030,04,1150696.9294433594,1.0,,,
81033,04,837183.3833007812,1.0,600.0,0.0,600.0
81036,04,1978370759.5671387,1.0,155.0,699.0,854.0
81038,04,299725.8200683594,1.0,,,
81039,03,862124129.097168,0.5633124733039531,718.2234034625402,1971.5936565638358,2915.1420493479573
81039,04,668330405.3828125,0.4366875266960469,556.7765965374598,1528.406343436164,2259.8579506520427
81137,03,544199023.5454712,1.0,1760.0,6085.0,7845.0
81040,03,1342237118.5721436,1.0,2026.0,0.0,2026.0
81041,04,1191180117.8173828,1.0,541.0,0.0,541.0
81043,04,3733640.4240722656,1.0,,,
81044,04,859903740.1777344,1.0,,,
81045,04,594107151.7121582,1.0,,,
81047,04,1554270498.444336,1.0,,,
81049,04,3329032332.1572266,1.0,,,
81050,04,1405104131.9973145,1.0,3144.0,2734.0,5878.0
81052,04,1727509989.5761719,1.0,9952.0,694.0,10646.0
81054,04,2521237667.5507812,1.0,1995.0,491.0,2486.0
81055,03,666247540.5216064,0.9999993713307433,8266.994802791256,0.0,8266.994802791256
81055,04,418.849609375,6.286692566687893e-07,0.005197208744880882,0.0,0.005197208744880882
80918,05,31003668.822021484,1.0,34737.0,42895.0,77972.0
80919,05,37068166.54650879,1.0,47695.0,50576.0,98271.0
80920,05,32715700.778564453,1.0,35215.0,44567.0,79782.0
80921,05,227163538.91455078,1.0,34872.0,55440.0,90312.0
80922,05,15472231.017822266,1.0,14197.0,5537.0,19734.0
80923,05,17648466.041015625,1.0,13340.0,9278.0,22618.0
80924,05,14090291.658447266,1.0,10828.0,6912.0,17740.0
80925,05,60962400.125,1.0,685.0,2218.0,2903.0
80926,05,167412665.03271484,1.0,2478.0,4041.0,6519.0
80927,05,11208187.917480469,1.0,1500.0,678.0,2178.0
80928,03,42.4580078125,4.988912206998051e-08,3.741684155248538e-06,4.899111787272086e-05,5.27328020279694e-05
80928,05,851047361.2814941,0.9999999501108779,74.99999625831585,981.9999510088821,1056.999947267198
80929,05,56140542.93432617,1.0,0.0,490.0,490.0
80930,05,94143760.43725586,1.0,100.0,63.0,163.0
80861,04,649956059.6416016,1.0,0.0,2000.0,2000.0
80862,04,357205932.6166992,1.0,,,
80863,05,322147605.01745605,0.9999992909067279,17907.987301557685,10854.99230279253,28762.979604350214
80863,04,228.432861328125,7.09093272121461e-07,0.012698442317151124,0.007697207468878459,0.020395649786029584
80864,03,7.122802734375,1.1064411583936433e-08,0.0,8.298308687952325e-06,8.298308687952325e-06
80864,05,643757925.7336426,0.9999999882578814,0.0,749.999991193411,749.999991193411
80864,04,0.436279296875,6.777070608567063e-10,0.0,5.082802956425297e-07,5.082802956425297e-07
80902,05,37190419.302978516,1.0,176.0,500.0,676.0
80903,05,12527376.748779297,1.0,39109.0,16730.0,55839.0
80904,05,24836605.208862305,1.0,64779.0,17633.0,82412.0
80905,05,12838374.922607422,1.0,27904.0,4238.0,32142.0
80906,05,121069550.61010742,1.0,78695.0,51373.0,130103.0
80907,05,25632237.591918945,1.0,42515.0,6569.0,49084.0
80908,05,246979794.14672852,0.999996483354415,23699.916655499637,41840.85286003208,65540.76951553172
80908,04,868.54345703125,3.5166455850058094e-06,0.08334450036463768,0.14713996792222808,0.23048446828686575
80909,05,21687407.97607422,1.0,27521.0,6236.0,35482.0
80910,05,15232283.452636719,1.0,11498.0,297.0,11795.0
80911,05,32407687.365966797,1.0,9488.0,8118.0,18155.0
80913,05,68237162.55603027,1.0,,,
80914,05,1833664.8754882812,1.0,1356.0,0.0,1356.0
80915,05,20147991.37084961,1.0,12392.0,9335.0,22227.0
80916,05,44468280.05810547,1.0,8124.0,3010.0,11384.0
80917,05,16889871.575195312,1.0,14115.0,9147.0,23262.0
81058,04,137165509.2932129,1.0,0.0,360.0,360.0
81059,03,75.37353515625,2.6474094933366337e-08,0.0,1.3237047466683168e-06,1.3237047466683168e-06
81059,04,2847067420.07666,0.9999999735259051,0.0,49.999998676295256,49.999998676295256
81062,03,246.24658203125,3.977806938494952e-07,0.0,0.0002653197227976133,0.0002653197227976133
81062,04,619050868.6987305,0.9999996022193062,0.0,666.9997346802772,666.9997346802772
81063,04,1079487717.1000977,1.0,125.0,570.0,695.0
81064,04,1251348266.967041,1.0,,,
81067,03,108.426513671875,1.419778716867844e-07,9.654495274701339e-05,2.2432503726511937e-05,0.00011897745647352533
81067,04,763685896.8903809,0.9999998580221283,679.9999034550473,157.99997756749627,837.9998810225435
81069,03,708125405.4509277,1.0,475.0,1052.0,1527.0
81071,04,1478239830.8310547,1.0,,,
81073,04,1658364077.7028809,1.0,1650.0,2050.0,3950.0
81076,04,710060985.583252,1.0,,,
81077,04,1192432.2331542969,1.0,100.0,0.0,100.0
81081,04,598305489.7575684,1.0,,,
81082,04,1552317301.3214111,1.0,10026.0,11324.0,21350.0
81084,04,629200859.3562012,1.0,,,
81087,04,104065156.69555664,1.0,,,
81089,03,1795472108.7581787,0.9999993080762989,5137.996444896024,0.0,5137.996444896024
81089,04,1242.33056640625,6.919237011526355e-07,0.0035551039765222415,0.0,0.0035551039765222415
81090,04,1653164452.4868164,1.0,250.0,0.0,250.0
81091,03,564.4920654296875,5.045284959142325e-07,0.00015438571974975515,0.00042884922152709764,0.0005832349412768529
81091,04,1118850144.6374512,0.9999994954715041,305.9998456142803,849.9995711507785,1155.9994167650589
81092,04,219061618.64501953,1.0,0.0,150.0,150.0
81101,03,1061126453.3052979,1.0,7787.0,621.0,8408.0
81120,03,2265682277.073242,1.0,1349.0,0.0,1349.0
81121,03,121272307.36083984,1.0,328.0,0.0,328.0
81122,03,1325867214.4672852,1.0,15238.0,8472.0,23710.0
81123,03,681841177.6768799,1.0,200.0,0.0,200.0
81124,03,40545420.58496094,1.0,,,
81125,03,699033444.2484131,1.0,25.0,2050.0,2075.0
81126,03,50402041.3404541,1.0,,,
81128,03,473282549.76916504,1.0,149.0,0.0,149.0
81129,03,10946584.538696289,1.0,,,
81130,03,2464710452.5806885,1.0,1481.0,0.0,1481.0
81131,03,812436815.201416,1.0,18096.0,0.0,18096.0
81132,03,1751183859.5634766,1.0,3411.0,0.0,3411.0
81133,03,965832298.1296387,1.0,546.0,0.0,546.0
81136,03,241822481.78955078,1.0,,,
81138,03,59564102.56188965,1.0,1124.0,0.0,1124.0
81140,03,570608517.6850586,1.0,462.0,0.0,462.0
81141,03,111517900.65539551,1.0,2100.0,60.0,2160.0
81143,03,853182843.8977051,1.0,1292.0,180.0,1472.0
81144,03,732754273.935669,1.0,1784.0,2461.0,4245.0
81146,03,584726700.6018066,1.0,500.0,3802.0,4302.0
81147,03,3512075999.577759,1.0,38532.0,18572.0,57104.0
80521,02,37881996.31689453,1.0,84346.0,2405.0,86751.0
80524,04,79396643.3383789,0.22447485409040185,32026.500857639905,9062.274334483613,41138.159660023404
80524,02,274302855.2540283,0.7755251459095982,110646.4991423601,31308.725665516387,142125.8403399766
80525,04,47.138427734375,7.049812493298555e-07,0.0839682016639311,0.026940153461891096,0.11090835512582219
80525,02,66864749.307128906,0.9999992950187506,119106.91603179833,38213.97305984654,157320.88909164487
80526,02,104060676.00744629,1.0,104535.0,0.0,104535.0
80528,04,0.000732421875,1.3812053932302623e-11,5.802996339117624e-07,2.831885417740007e-07,8.679080329441e-07
80528,02,53027730.60253906,0.9999999999861879,42013.9999994197,20502.999999716812,62836.999999132095
80530,04,4920304.829589844,1.0,2361.0,4929.0,7290.0
80532,02,67076172.580566406,1.0,281.0,0.0,281.0
80534,04,102326349.31420898,0.8077352767258694,12187.109855239918,7355.237429865767,19542.347285105683
80534,02,24356676.997314453,0.19226472327413055,2900.890144760082,1750.7625701342329,4651.652714894314
80535,02,114939059.86486816,1.0,7086.0,0.0,7086.0
80536,02,953127719.8634033,1.0,6311.0,492.0,6803.0
80654,04,600845020.5454102,1.0,2665.0,42.0,2707.0
80701,04,1578968217.3430176,1.0,2582.0,4464.0,7046.0
80705,04,806990.3491210938,1.0,,,
80720,04,2411652804.614258,1.0,348.0,2076.0,2424.0
80721,04,223869913.40454102,1.0,,,
80537,04,7312854.941162109,0.025709794175734383,2267.86094424153,561.6047439747418,2829.4656882162717
80537,02,277125631.4650879,0.9742902058242656,85942.13905575847,21282.39525602526,107224.53431178373
80538,04,57.967041015625,1.9831800881413288e-07,0.014002441330330666,0.006103435039263754,0.021771747643633137
80538,02,292293321.55126953,0.9999998016819912,70605.98599755867,30775.99389656496,109781.97822825235
80540,02,410813055.6654053,1.0,16922.0,5537.0,22459.0
80542,04,23965764.98876953,1.0,2734.0,5298.0,8032.0
80543,04,82367978.5961914,1.0,230.0,3800.0,4030.0
80544,02,128638.68725585938,1.0,2147.0,0.0,2147.0
80545,02,734737051.0146484,1.0,366.0,13950.0,14316.0
80546,04,197920.19970703125,1.0,70.0,0.0,70.0
80547,04,423.476806640625,5.3258078910455614e-05,0.5510613424864842,0.31848331188452456,0.8695446543710088
80547,02,7950986.249267578,0.9999467419210896,10346.448938657513,5979.681516688115,16326.130455345628
80549,04,27876452.657714844,0.051817924118471664,333.44834170236516,545.1245617263219,878.572903428687
80549,02,510092852.98217773,0.9481820758815284,6101.551658297635,9974.875438273679,16076.427096571313
80722,04,89431161.93457031,1.0,200.0,50.0,250.0
80723,04,752007430.4538574,1.0,571.0,173.0,744.0
80726,04,412144359.09033203,1.0,,,
80727,04,531942755.4501953,1.0,,,
80728,04,939230617.1887207,1.0,0.0,704.0,704.0
80729,04,1869004841.8476562,1.0,0.0,476.0,476.0
80731,04,974884479.8769531,1.0,0.0,719.0,719.0
80733,04,88840348.88696289,1.0,25.0,95.0,120.0
80734,04,1263314200.4890137,1.0,125.0,1250.0,1375.0
80735,04,766645325.9956055,1.0,0.0,500.0,500.0
80736,04,294828942.29785156,1.0,0.0,0.0,0.0
80550,04,129752858.55786133,0.9075650989293633,29198.184362755477,25269.335049490262,54467.51941224574
80550,02,13215242.254882812,0.09243490107063665,2973.8156372445223,2573.664950509736,5547.4805877542585
80601,04,300.679443359375,4.227343968196407e-06,0.08193860813555096,0.03496858930492068,0.11783721311347485
80601,07,1135958.7734375,0.015970790737667096,309.56183686820134,132.11038098198222,445.1857918124703
80601,06,69991012.33325195,0.9840249819183647,19073.356224523664,8139.854650428713,27429.696370974416
80602,04,176.23291015625,2.222918028553165e-06,0.03649364527475731,0.05164505455737568,0.08824984573356065
80602,07,8655776.712890625,0.10917984665381666,1792.4055425157082,2536.5753773081224,4334.439912156521
80602,02,1.983154296875,2.5014564169754604e-08,0.0004106640999748613,0.0005811633693559087,0.0009930781975392578
80602,06,70624031.05908203,0.8908179054135906,14624.557553174918,20696.37239647395,35365.470844919546
80603,01,18.927490234375,8.727401529517577e-08,0.0006154563558615795,0.00044963572680074555,0.0010668375629682286
80603,04,91544920.61791992,0.4221105230155631,2976.723408305751,2174.713414576181,5159.879033342244
80603,07,16394054.563720703,0.07559242937268128,533.0778119361484,389.4521961280539,924.041856651656
80603,02,46.8359375,2.1595891875380858e-07,0.0015229422950518582,0.0011126203494196219,0.0026398818228465563
80603,06,108935250.5649414,0.5022967443788215,3542.1966413594496,2587.8328270396887,6140.075403286714
80610,04,440621734.58374023,1.0,3800.0,1600.0,5400.0
80611,04,995961181.71875,1.0,,,
80612,04,365863161.2519531,0.8687285892535529,1305.69906964809,5386.117253372028,6691.816323020118
80612,02,55284669.93237305,0.1312714107464471,197.30093035190998,813.8827466279721,1011.1836769798821
80615,04,275163234.60009766,1.0,807.0,2825.0,3632.0
80620,04,17301068.41772461,1.0,4333.0,2261.0,6594.0
80621,04,331731017.87280273,1.0,4419.0,25140.0,29559.0
80737,04,628761791.3879395,1.0,0.0,0.0,0.0
80740,04,428191145.33496094,1.0,,,
80741,04,592269847.590332,1.0,0.0,0.0,0.0
80742,04,1154532705.31958,1.0,,,
80743,04,1202696684.1345215,1.0,0.0,250.0,250.0
80744,04,336485728.0776367,1.0,,,
80745,04,569264925.1962891,1.0,,,
80746,04,687085.1384277344,1.0,,,
80747,04,455613176.1855469,1.0,0.0,0.0,0.0
80749,04,434398656.9387207,1.0,0.0,35.0,35.0
80750,04,342523632.5732422,1.0,200.0,237.0,437.0
80622,04,34260535.420166016,1.0,77.0,0.0,77.0
80623,04,1722986.12109375,1.0,410.0,0.0,410.0
80624,04,81897457.29003906,1.0,0.0,740.0,740.0
80631,04,268641494.9609375,1.0,19126.0,5546.0,24672.0
80634,04,96714598.80883789,1.0,29943.0,31380.0,61323.0
80640,07,30992491.239746094,0.8442457251768927,8078.587344217686,1604.911123561273,9683.49846777896
80640,06,5717781.984619141,0.1557542748231073,1490.4126557823138,296.08887643872697,1786.5015322210409
80642,01,66.300537109375,2.6563833677672676e-07,0.0003200941958159558,0.0002648414217663966,0.0005849356175823523
80642,04,173306884.14697266,0.6943677150128094,836.7130965904353,692.2846118677709,1528.9977084582063
80642,06,76282539.9621582,0.3056320193488538,368.28658331536883,304.71512329080724,673.0017066061761
80643,04,512804860.2211914,0.9416102435397883,847.4492191858095,3386.9720460126186,4234.421265198428
80643,06,31799304.548095703,0.058389756460211745,52.55078081419057,210.02795398738164,262.57873480157224
80644,04,416515663.7072754,1.0,1303.0,339.0,1642.0
80019,01,360.77392578125,5.670536881221204e-06,0.005443715405972356,0.0009639912698076046,0.006407706675779961
80019,06,63622173.271484375,0.9999943294631187,959.994556284594,169.99903600873017,1129.9935922933241
80020,07,7306654.333129883,0.14090620967734718,11100.309385962057,5186.75757822315,16315.248206120676
80020,02,44548081.876586914,0.8590937903226528,67677.69061403794,31623.24242177685,99472.75179387932
80021,07,33844532.002441406,0.6945139949044947,53749.13257965375,6048.522381623245,59797.654961276996
80021,02,14886713.517089844,0.30548600509550533,23641.867420346254,2660.477618376756,26302.345038723008
80022,01,15982.607177734375,0.00013334679316205804,2.005535769157353,1.589760468078056,3.595296237235409
80022,07,105389793.6640625,0.8792927750043009,13224.563336064686,10482.928463601276,23707.49179966596
80022,06,14451678.10571289,0.12057387820253708,1813.4311281661576,1437.481775930647,3250.9129040968046
80023,04,19.5328369140625,4.238115184443346e-07,0.021774588194633022,0.013800150663584424,0.03557473885821745
80023,07,7815511.382080078,0.1695761737443102,8712.48465463517,5521.739369462229,14234.224024097397
80023,02,27989780.155517578,0.6073050873676614,31202.12077877571,19775.06825486579,50977.1890336415
80023,06,10283188.330810547,0.22311831507650992,11463.372792000926,7265.178575521316,18728.551367522243
80751,04,1227473583.7246094,1.0,1870.0,8309.0,10179.0
80754,04,546353066.9108887,1.0,,,
80755,04,287052671.35717773,1.0,,,
80757,04,982604893.8835449,1.0,,,
80759,04,1672490935.1293945,1.0,8581.0,0.0,8581.0
80801,04,401731828.9033203,1.0,0.0,0.0,0.0
80802,04,1038203480.2729492,1.0,0.0,146.0,146.0
80804,04,871062137.5039062,1.0,1895.0,920.0,3135.0
80805,04,434486017.5131836,1.0,0.0,250.0,250.0
80807,04,1889230763.144043,1.0,1887.0,3017.0,4904.0
80513,04,58800627.21618652,0.3279619951567164,9351.508329898612,4072.9600178512615,13424.468347749873
80513,02,120490351.87451172,0.6720380048432836,19162.491670101386,8346.039982148739,27508.531652250127
80514,04,17440719.145751953,1.0,195.0,232.0,427.0
80515,02,157249385.16662598,1.0,2621.0,514.0,3135.0
80645,04,359394607.2194824,1.0,750.0,16516.0,17266.0
80648,04,398189662.64501953,1.0,918.0,1175.0,2093.0
80649,04,498763960.4267578,1.0,0.0,560.0,560.0
80650,04,131604820.36523438,1.0,291.0,0.0,291.0
80651,04,248529066.7380371,1.0,2490.0,1844.0,4334.0
80652,04,485209193.2109375,1.0,,,
80653,04,337552771.22387695,1.0,27.0,500.0,527.0
80024,07,105664.0966796875,1.0,,,
80025,07,14.88818359375,4.919956984796881e-07,0.0009928473195320105,0.0,0.0009928473195320105
80025,02,30260785.439453125,0.9999995080043015,2017.9990071526804,0.0,2017.9990071526804
80026,04,15.0078125,2.5463402565621923e-07,0.03939341157317105,0.005149973168897034,0.04455586180932524
80026,02,58938740.177490234,0.9999997453659744,154705.96060658843,20224.994850026833,174979.9554441382
80027,07,25971.981201171875,0.0005103797249463523,113.66309588472751,11.85969366857839,125.57382752580052
80027,02,50861592.57458496,0.9994896202750536,222589.33690411528,23225.14030633142,245914.4261724742
80030,07,7019864.061767578,1.0,10967.0,5409.0,16376.0
80031,07,21950616.356567383,0.9999972561664023,51399.85896695308,17604.95169480951,69004.81066176259
80031,02,60.22900390625,2.743833597632247e-06,0.1410330469182975,0.04830519048631571,0.18933823740461322
80033,01,26.1435546875,1.182416504888857e-06,0.05302192091222612,0.007269496672056693,0.060291417584282816
80033,07,22110249.36376953,0.9999988175834951,44841.94697807908,6147.992730503328,50989.93970858242
80045,01,0.751220703125,4.3239987034350064e-07,0.0008003721600058197,0.00021619993517175032,0.00101657209517757
80045,06,1737327.9453125,0.9999995676001296,1850.99919962784,499.99978380006485,2350.998983427905
80101,04,607841005.6254883,1.0,,,
80102,04,715894549.2583008,0.9263537308340205,2170.44679134411,2540.0619299468844,4710.508721290994
80102,06,56914503.5144043,0.07364626916597951,172.55320865589,201.9380700531158,374.4912787090058
80103,04,744100635.0605469,1.0,115.0,8990.0,9105.0
80104,04,200887506.29370117,1.0,35512.0,26372.0,61884.0
80105,04,1295966207.1572266,1.0,506.0,1130.0,1786.0
80106,05,78943345.76904297,0.17344496584045407,879.1925318452617,1939.4616080279575,2818.6541398732193
80106,04,376205902.2158203,0.8265550341595459,4189.807468154738,9242.538391972043,13432.345860126781
80107,04,403423612.1401367,1.0,18880.0,8966.0,27896.0
80108,04,92037803.87402344,1.0,73499.0,78718.0,152717.0
80109,04,68253222.84558105,1.0,26652.0,22358.0,49010.0
80110,01,16793282.040405273,0.999522919307148,34642.46486026644,3073.53297686948,37715.997837135925
80110,06,8015.57470703125,0.0004770806928520486,16.535139733559152,1.4670231305200494,18.0021628640792
80111,01,1753913.1352539062,0.06299593523083197,17316.385672186323,2299.6036196662903,19615.989291852613
80111,06,26087774.25024414,0.9370040647691681,257564.6143278137,34204.39638033371,291769.0107081474
80112,04,13823829.387695312,0.2870058174445946,36429.93541405984,9014.56572011727,45444.5011341771
80112,06,34341847.220458984,0.7129941825554054,90501.06458594016,22394.434279882727,112895.49886582288
80113,01,19719082.705566406,0.9997725040751728,356407.90020525426,208961.4513042478,565879.2354865804
80113,06,4487.03173828125,0.00022749592482716684,81.09979474571188,47.54869575220131,128.76451341957505
80116,04,223957103.23461914,1.0,5911.0,16362.0,22273.0
80117,04,630674435.8999023,1.0,1985.0,1466.0,3451.0
80118,05,857.4276123046875,2.4248054088224874e-06,0.02886488358662289,0.03482020567069092,0.06368508925731381
80118,04,353605914.1446533,0.9999975751945912,11903.971135116413,14359.96517979433,26263.936314910745
80120,01,484347.39123535156,0.021594866437124556,1108.1189763546095,473.4674466339559,1643.1317923343704
80120,06,21944473.48828125,0.9784051335628754,50205.88102364539,21451.532553366043,74445.86820766563
80121,01,1549847.8581542969,0.07974652408439953,10623.512952427367,4173.055858812543,14796.568811239911
80121,06,17884828.147460938,0.9202534759156005,122592.48704757263,48155.94414118746,170748.4311887601
80122,06,18309716.076782227,1.0,75964.0,15758.0,91722.0
80123,01,21186829.55078125,0.6063300624847994,71297.1393874626,35431.50353136173,106740.76952007403
80123,07,4767285.407958984,0.13643138310819403,16042.693476926319,7972.504303310426,24017.92640789891
80123,02,44.2156982421875,1.2653760683606389e-06,0.1487930411263908,0.07394351593072229,0.22276186457848032
80123,06,8988573.936889648,0.25723728903093823,30248.018342569965,15031.918221811906,45285.08131016249
80124,04,22589052.98852539,0.9194801451689448,46375.82008188607,85865.6533566019,132241.47343848797
80124,06,1978147.4096679688,0.08051985483105512,4061.1799181139268,7519.346643398082,11580.526561512008
80125,01,97.92578125,8.679125624386225e-07,0.029464763582228794,0.01703625568810772,0.046501019270336515
80125,04,109684201.43884277,0.9721270038866305,33002.73965494722,19081.88095929067,52084.620614237894
80125,02,812.3040771484375,7.199420868314399e-06,0.24441313905840553,0.14131743222414334,0.3857305712825489
80125,06,3143974.4489746094,0.027864928779938732,945.98646715014,546.9606870214174,1492.9471541715575
80126,04,878992.2854003906,0.03165019616732812,2973.630880508979,1170.23435309079,4143.865233599769
80126,06,26893103.68371582,0.9683498038326719,90979.36911949102,35803.76564690921,126783.13476640024
80127,01,16502959.418457031,0.12225912915554699,8703.62740458339,4651.22630959363,13354.85371417702
80127,04,306.9364013671875,2.2738816830223e-06,0.16187763701435753,0.08650755474890037,0.2483851917632579
80127,07,1628207.7885742188,0.012062276908511884,858.713493116961,458.89726270742614,1317.610755824387
80127,02,116851978.89147949,0.8656763200542581,61627.497224662635,32933.7899201442,94561.28714480683
80808,05,783812924.2312012,0.8541832284340656,960.9561319883238,67.48047504629118,1028.436607034615
80808,04,133803926.74365234,0.14581677156593448,164.0438680116763,11.519524953708824,175.5633929653851
80809,05,131598761.06518555,1.0,1666.0,9355.0,11021.0
80810,04,1382544603.899414,1.0,0.0,6958.0,6958.0
80812,04,358808635.3742676,1.0,,,
80813,05,286467963.6751709,1.0,357.0,519.0,876.0
80814,05,255660196.897583,1.0,2424.0,4922.0,7346.0
80815,04,1364344541.866455,1.0,0.0,289.0,289.0
80816,05,482044648.5213623,1.0,4199.0,2962.0,7161.0
80817,03,38.13037109375,2.3263497974030594e-07,0.0010724472566028104,0.000905647976129011,0.0019780952327318213
80817,05,163906400.77368164,0.9999997673650203,4609.998927552743,3892.999094352024,8502.998021904767
80818,04,751777545.4995117,1.0,0.0,446.0,446.0
80819,05,21427695.693725586,1.0,1229.0,204.0,1433.0
80516,04,77214351.89794922,0.7432844894614915,34182.91038584453,9511.068327149245,43693.978712993776
80516,02,26668251.485473633,0.25671519870307163,11806.075273155562,3284.9276826045048,15091.002955760066
80516,06,32.394287109375,3.118354368548456e-07,0.014340999905517494,0.003990246249994604,0.0183312461555121
80517,02,770368215.8231201,1.0,26622.0,11951.0,38573.0
80520,04,1042654.74609375,1.0,68.0,945.0,1013.0
80128,01,25008207.20288086,0.6955543947017125,28746.567578627077,14406.32262306187,43152.89020168895
80128,04,309.056884765625,8.595813073189344e-06,0.3552563585018424,0.1780364803718977,0.5332928388737401
80128,02,6192520.167480469,0.1722328426754976,7118.2111549356405,3567.2866374949062,10685.497792430546
80128,06,4753315.084838867,0.1322041668097166,5463.866010078777,2738.2127029628505,8202.078713041628
80129,04,19.80859375,1.02126621259871e-06,0.042782884178185154,0.026389518933550665,0.06917240311173582
80129,06,19396092.10192871,0.9999989787337874,41891.95721711582,25839.973610481065,67731.9308275969
80130,04,4425781.020019531,0.26754779484312813,7803.5665321895185,3776.4371242107536,11638.864171265759
80130,06,12116239.154785156,0.7324522051568718,21363.43346781048,10338.562875789246,31863.135828734237
80131,04,1953084.0313720703,1.0,271.0,0.0,271.0
80132,05,79497075.03869629,0.9999882042581398,31638.626794523287,43806.48326393633,75445.11005845961
80132,04,937.738037109375,1.1795741860151526e-05,0.37320547671333415,0.5167360636676579,0.889941540380992
80133,05,75446961.98278809,0.9461490019524996,2829.9316648399263,1555.4689592099094,4385.400624049836
80133,04,4294137.809204102,0.05385099804750035,161.06833516007353,88.53104079009057,249.5993759501641
80134,04,146038084.08422852,0.999990488456572,101187.0375459436,46820.554660025155,148057.5917303916
80134,06,1389.060791015625,9.511543427962558e-06,0.9624540563886753,0.4453399748406349,1.4082696084007083
80135,05,346.229736328125,4.0432285480888786e-07,0.003912227943130799,0.007023492310885191,0.01093572025401599
80135,04,765488736.7897949,0.8939283917819785,8649.651118882424,15528.430093644749,24178.081212527173
80135,02,90830890.51196289,0.10607120389516672,1026.3449688896333,1842.562882862941,2868.9078517525745
80136,04,524954654.30444336,1.0,1363.0,1345.0,2708.0
80137,01,809023.7492675781,0.002973488998882953,9.15239913856173,6.297849699634095,15.450248838195824
80137,04,101930968.61767578,0.3746374739981801,1153.1341449663983,793.4821699281455,1946.6163148945438
80137,06,169338952.45898438,0.6223890370029369,1915.7134558950397,1318.2199803722203,3233.9334362672603
80138,04,146872895.93725586,0.8967233354500754,39474.65794984777,31020.350343224458,70764.02529370725
80138,06,16915521.438476562,0.10327666454992462,4546.342050152231,3572.6496567755426,8149.974706292752
80202,01,2897760.2690429688,1.0,453429.0,37420.0,491099.0
80203,01,2776961.048095703,1.0,152571.0,3741.0,156794.0
80204,01,14388584.16809082,0.9999958629194801,119602.50519275857,8995.962782823643,130098.46176996143
80204,07,59.5269775390625,4.13708051992872e-06,0.4948072414250347,0.03721717635727877,0.5382300385622065
80205,01,11995676.498046875,1.0,151294.0,490.0,152283.0
80206,01,6372761.076171875,1.0,589733.0,94212.0,684195.0
80207,01,11802836.13671875,1.0,127203.0,13981.0,141184.0
80209,01,9067055.904785156,1.0,516840.0,33308.0,550398.0
80210,01,15755434.08984375,1.0,435517.0,22946.0,458463.0
80211,01,11739619.573730469,1.0,210605.0,2183.0,212788.0
80212,01,7727296.822753906,0.7477438797718025,92702.29523858898,2821.9854022587824,95524.28064084776
80212,07,2606852.3850097656,0.2522561202281976,31273.704761411027,952.0145977412177,32225.719359152245
80214,01,56600.27844238281,0.004734507590380908,172.41656291890152,24.666784545884532,197.08334746478604
80214,07,11898239.240112305,0.9952654924096191,36244.5834370811,5185.333215454116,41429.91665253522
80215,07,14657934.614746094,1.0,54159.0,14028.0,68657.0
80216,01,18384048.775146484,0.6709268263192588,10002.17712676751,3757.8611542141684,13760.038280981678
80216,07,9016925.599365234,0.32907317368074124,4905.822873232491,1843.1388457858316,6748.961719018322
80218,01,4140490.311767578,1.0,354831.0,19201.0,374032.0
80219,01,19619801.43408203,0.9999925437798578,36650.72672207557,3314.975282630229,39965.702004705796
80219,07,146.2906494140625,7.456220142200451e-06,0.2732779244317887,0.024717369771394493,0.2979952942031832
80220,01,13525369.680908203,0.9981682185946715,405974.97786682483,8579.255838821202,414554.233705646
80220,06,24820.9873046875,0.001831781405328453,745.0221331751884,15.744161178798054,760.7662943539865
80221,01,2993549.6837158203,0.12417473135496956,5689.686190684705,374.63516449794315,6064.321355182648
80221,07,21114009.487548828,0.8758252686450304,40130.313809315296,2642.364835502057,42772.67864481735
80222,01,10259993.444091797,1.0,69328.0,6713.0,76041.0
80223,01,13642465.557739258,1.0,45067.0,6966.0,52033.0
80224,01,8031571.541503906,0.9859371487905766,69338.00186299488,8013.697145369806,77598.18329556232
80224,06,114557.80493164062,0.014062851209423405,988.9981370051198,114.30285463019344,1106.8167044376692
80226,01,48097.71240234375,0.002289348266520544,106.85075164331334,5.716502621501799,115.08553735798775
80226,07,20961249.404296875,0.9977106517334795,46566.14924835669,2491.2834973784984,50154.91446264202
80227,01,3986741.6772460938,0.20482578772819976,14379.999253245993,6351.442851663746,20731.44210490974
80227,07,15477319.569458008,0.7951742122718002,55826.000746754005,24657.55714833625,80483.55789509026
80228,07,27728052.384765625,0.9693480095971988,117041.01737478498,35134.987955860066,152486.19669371616
80228,02,876795.5235595703,0.030651990402801147,3700.982625215016,1111.0120441399304,4821.803306283843
80229,07,35029203.73461914,1.0,19238.0,1540.0,20922.0
80230,01,6441153.980957031,0.9999738441867464,77926.96170362896,3891.898201574817,81818.85990520378
80230,06,168.47802734375,2.615581325365203e-05,2.038296371043849,0.10179842518321369,2.140094796227063
80231,01,6996422.586425781,0.5733955617698938,60306.878209148585,8891.071580803973,69814.35001885518
80231,06,5205315.712402344,0.4266044382301062,44868.121790851415,6614.928419196027,51941.64998114481
80232,01,55636.436767578125,0.004912662904068049,205.34930939004443,10.812771051853774,216.1620804418982
80232,07,11269471.321289062,0.995087337095932,41594.65069060996,2190.187228948146,43784.83791955811
80233,07,23877689.58984375,1.0,18221.0,5655.0,23876.0
80234,07,18231086.345825195,0.9796548247766121,33110.37376779994,6877.176869931817,39987.55063773176
80234,02,378617.68896484375,0.020345175197149838,687.6262313132702,142.82312988399187,830.4493611972621
80234,06,0.00048828125,2.6237991161727654e-11,8.867916252840713e-07,1.8419069795532812e-07,1.0709823232393994e-06
80235,01,2272566.4985351562,0.23620405761549584,2811.536897797247,3634.4718345296346,6446.008732326882
80235,07,7348620.021240234,0.7637945327497586,9091.446323320377,11752.506475420536,20843.952798740913
80235,02,13.5623779296875,1.4096347455495494e-06,0.016778882376276286,0.021690049829770918,0.038468932206047204
80236,01,8313180.012573242,1.0,13344.0,1738.0,15332.0
80237,01,9313848.760009766,0.9999742550208417,98388.46692575564,13823.644101408116,112712.09815467417
80237,06,239.791015625,2.5744979158331208e-05,2.533074244367366,0.35589859188477063,2.901845325831302
80238,01,12547617.79663086,0.9999941936371141,160608.06744586324,2715.984229918402,163324.05167578167
80238,07,56.55908203125,4.507529201589303e-06,0.7239497575380563,0.012242449311516546,0.7361922068495729
80238,06,16.29736328125,1.2988336843684112e-06,0.20860437921272615,0.003527632286744605,0.21213201149947075
80239,01,24841956.759521484,0.9603915094125006,7062.71916021953,4213.23755179264,11275.95671201217
80239,07,1024390.8601074219,0.03960301090170191,291.24054217111586,173.73840882576627,464.97895099688213
80239,06,141.740234375,5.479685797444805e-06,0.0402976093544091,0.02403938159339036,0.06433699094779946
80241,07,15714908.173828125,0.8860409875337816,25659.746998978313,7452.490746146636,33112.23774512495
80241,06,2021188.0056152344,0.11395901246621841,3300.253001021685,958.509253853363,4258.762254875048
80246,01,4474780.711181641,1.0,109056.0,2368.0,111424.0
80247,01,4371138.5615234375,0.574197480053711,32984.200044205376,2568.9595257603028,35553.159569965675
80247,06,3241466.358154297,0.4258025199462891,24459.79995579463,1905.0404742396975,26364.840430034328
80249,01,123532646.52758789,0.9995909791799616,26856.01083762803,0.0,26856.01083762803
80249,07,49975.329833984375,0.0004043861302075952,10.86464216028746,0.0,10.86464216028746
80249,06,572.769775390625,4.634689830752879e-06,0.1245202116828376,0.0,0.1245202116828376
80260,07,12703063.685302734,1.0,10060.0,2515.0,12575.0
80264,01,19266.314208984375,1.0,5792.0,250.0,6042.0
80290,01,19437.780029296875,1.0,2800.0,0.0,2800.0
80293,01,15500.982421875,1.0,2800.0,0.0,2800.0
80294,01,15448.814208984375,1.0,,,
80301,02,82619980.37573242,1.0,265635.0,14522.0,280837.0
80302,02,214692222.78637695,1.0,578551.0,33172.0,611723.0
80303,07,0.6339111328125,1.0674715385128934e-08,0.0024373577638864895,0.00016725144065420013,0.002607277883386972
80303,02,59384358.568359375,0.9999999893252847,228329.99756264224,15667.999832748561,244247.99739272214
80304,02,23784048.521972656,1.0,544435.0,19132.0,563567.0
80305,02,18838514.168945312,1.0,221628.0,6991.0,228619.0
80310,02,1128499.3763427734,1.0,606.0,0.0,606.0
80401,07,54236458.51428223,0.39705157492223053,64890.13888954013,22965.463093501814,87855.60198304195
80401,02,82361560.33227539,0.6029484250777695,98539.86111045987,34874.536906498186,133414.39801695806
80403,07,100786852.87426758,0.2894729459344385,21086.077800702304,10322.315779076143,31408.393579778447
80403,02,247386799.58544922,0.7105270540655615,51756.922199297696,25336.684220923857,77093.60642022155
80419,07,257683.8380126953,1.0,,,
80420,03,65.6314697265625,6.356312861193049e-07,0.0005085050288954439,0.0,0.0005085050288954439
80420,05,103253907.80688477,0.9999991542101917,799.9993233681533,0.0,799.9993233681533
80420,02,21.69970703125,2.1015852221732627e-07,0.00016812681777386102,0.0,0.00016812681777386102
80421,05,31622427.578857422,0.0884666731296163,696.4096508763395,482.05490188327923,1182.8878864160995
80421,02,325827745.0135498,0.9115333268703837,7175.59034912366,4966.945098116721,12188.1121135839
80422,02,335224790.1900635,1.0,3952.0,2975.0,6927.0
80423,03,133637713.63110352,0.32405826539243077,,,
80423,02,278750205.15649414,0.6759417346075692,,,
80424,05,2245.3306884765625,6.8674326661038515e-06,0.1984413343197369,0.0666827711878684,0.2651241055076053
80424,02,326951188.0184326,0.9999931325673339,28895.80155866568,9709.933317228812,38605.73487589449
80425,04,2230.60302734375,1.8845855774216278e-05,0.0028268783661324418,0.0,0.0028268783661324418
80425,02,118358169.37390137,0.9999811541442258,149.99717312163386,0.0,149.99717312163386
80426,03,345986357.29467773,1.0,,,
80427,02,37871838.50061035,1.0,1250.0,0.0,1250.0
80428,03,803414400.802124,1.0,2649.0,170.0,2819.0
80432,05,283311359.62390137,1.0,50.0,0.0,50.0
80433,04,486.592529296875,2.290556806130438e-06,0.03199449746802996,0.028008928625362996,0.06000342609339295
80433,02,212433681.37683105,0.9999977094431939,13967.968005502533,12227.971991071376,26195.939996573907
80434,03,74682381.1081543,1.0,,,
80435,05,55.8287353515625,2.0284590533860932e-07,0.001879570158867554,0.00021359673832155562,0.0020931668971891095
80435,02,275227266.40075684,0.9999997971540947,9265.998120429842,1052.9997864032616,10318.997906833103
80436,02,31757180.756103516,1.0,117.0,0.0,117.0
80438,02,144584227.9173584,1.0,69.0,0.0,69.0
80439,02,458183866.0623779,1.0,121219.0,27609.0,148828.0
80440,03,4.4775390625,6.50888796955138e-09,1.7007724264437756e-05,5.480483670362262e-06,2.248820793480002e-05
80440,05,687911180.0688477,0.9999994956090941,2612.9986820265626,841.9995753028572,3454.99825732942
80440,02,342.498779296875,4.978820180089636e-07,0.001300965713057422,0.0004192166591635474,0.0017201823722209693
80442,02,182319818.42834473,1.0,5128.0,1744.0,6872.0
80443,03,52.9434814453125,1.8953827295968356e-07,0.0020091056933726455,0.0008961369545533839,0.0029052426479260294
80443,05,0.0,0.0,0.0,0.0,0.0
80443,02,279328657.9210205,0.999999810461727,10599.997990894306,4727.999103863045,15327.997094757351
80444,05,16.0439453125,1.9147743994385595e-07,0.0004051662629211992,1.5318195195508476e-06,0.00040669808244075007
80444,02,83790248.31933594,0.9999998085225601,2115.9995948337373,7.999998468180481,2123.9995933019177
80446,03,407.6561279296875,5.156549499587393e-07,0.0026117923215410142,0.0007992651724360459,0.00341105749397706
80446,02,790559496.7185059,0.99999948434505,5064.997388207678,1549.9992007348276,6614.996588942506
80447,03,147.4703369140625,2.3392961093702638e-07,0.0012845074936552118,7.017888328110791e-05,0.0013546863769363197
80447,02,630404598.3134766,0.9999997660703891,5490.998715492507,299.9999298211167,5790.9986453136235
80448,05,546482779.8937988,0.9412910874092797,2070.8403923004153,0.0,2070.8403923004153
80448,02,34084472.04724121,0.0587089125907203,129.15960769958465,0.0,129.15960769958465
80449,03,113.7760009765625,7.302363364027204e-08,5.316120529011805e-05,0.0,5.316120529011805e-05
80449,05,1558070818.9448242,0.9999999269763663,727.9999468387947,0.0,727.9999468387947
80451,02,177630628.0637207,1.0,1383.0,500.0,1883.0
80452,02,337273687.71691895,1.0,7337.0,84.0,7421.0
80453,02,1047469.3294677734,1.0,3295.0,0.0,3295.0
80454,02,11058942.166992188,1.0,2556.0,250.0,2806.0
80455,02,89891686.54138184,1.0,2005.0,0.0,2105.0
80456,05,600273078.97229,0.9999998903026244,724.9999204694027,0.0,724.9999204694027
80456,02,65.848388671875,1.0969737566978125e-07,7.95305973605914e-05,0.0,7.95305973605914e-05
80457,02,4020965.904296875,1.0,975.0,390.0,1365.0
81212,03,218.5052490234375,1.367090673550875e-07,0.002806090316530526,0.002811968806426795,0.005618059122957321
81212,05,1598322798.7668457,0.9999998632909326,20525.997193909683,20568.997188031193,41094.99438194087
81220,03,624020286.8231201,1.0,40.0,0.0,40.0
81221,05,3878339.426513672,1.0,,,
81222,03,55.2998046875,6.919687869581937e-07,0.00042002505368362355,0.003875025206965885,0.004295050260649508
81222,05,79916561.9375,0.9999993080312131,606.9995799749463,5599.996124974793,6206.99570494974
81223,03,223.039306640625,2.1607022678552517e-07,0.0008212829320117812,0.00018690074616947928,0.0010081836781812605
81223,05,1032253549.0734863,0.9999997839297732,3800.999178717068,864.9998130992537,4665.998991816322
81224,03,404356898.5209961,1.0,22345.0,10200.0,32545.0
81225,03,212764972.1036377,1.0,327.0,0.0,327.0
81226,03,114.124755859375,5.343424479959567e-07,0.0016260040692516963,0.0002815984700938692,0.0019076025393455656
81226,05,213579690.89990234,0.999999465657552,3042.9983739959307,526.9997184015299,3569.998092397461
81227,05,924189.2991943359,1.0,,,
81230,03,4664132378.600708,1.0,12737.0,5469.0,18206.0
81623,03,1154117165.4517822,1.0,110981.0,20478.0,131459.0
81624,03,1450271229.8103027,1.0,1411.0,569.0,1980.0
81625,03,3992745543.585083,1.0,1895.0,6267.0,8162.0
81630,03,3308335986.767639,1.0,,,
81631,03,635679324.4020996,1.0,13122.0,4913.0,18035.0
81632,03,280421659.1672363,0.8829114012442808,48482.43086512595,15364.424204452975,64288.31077020106
81632,02,37188532.26538086,0.11708859875571914,6429.569134874049,2037.5757955470244,8525.689229798934
81633,03,344494282.3288574,1.0,,,
81635,03,757495152.4638062,1.0,651.0,522.0,1173.0
81637,03,1977829240.9349365,1.0,4203.0,2196.0,6399.0
81638,03,435199105.8140869,1.0,,,
81639,03,1556210551.3026123,1.0,386.0,250.0,636.0
81640,03,6180519830.791687,1.0,50.0,0.0,50.0
81641,03,4407778735.234192,1.0,1189.0,2661.0,3850.0
81642,03,364339455.91552734,0.9999999620581035,,,
81642,02,13.82373046875,3.794189654676462e-08,,,
81643,03,561290217.2369385,1.0,283.0,0.0,283.0
81645,03,85681377.1451416,0.19383422288000518,459.3871082256123,0.0,459.3871082256123
81645,02,356352933.78344727,0.8061657771199948,1910.6128917743877,0.0,1910.6128917743877
81646,03,191554410.4282837,1.0,,,
81231,03,162531.1112060547,1.0,70.0,0.0,70.0
81232,05,4947516.038818359,1.0,1350.0,0.0,1350.0
81233,03,6.03564453125,2.6463205571413524e-08,2.6913080066127554e-05,0.0,2.6913080066127554e-05
81233,05,228076842.5895996,0.9999999735367944,1016.9999730869199,0.0,1016.9999730869199
81235,03,1400630294.5732422,1.0,3260.0,0.0,3260.0
81236,03,859.916259765625,1.7196908304024438e-06,0.007532245837162704,0.001011178208276637,0.00854342404543934
81236,05,500040336.18896484,0.9999982803091696,4379.992467754163,587.9989888217917,4967.9914565759545
81237,03,90199531.47473145,1.0,,,
81239,03,132508994.92529297,1.0,,,
81240,03,118.3138427734375,3.070189902361507e-07,0.000721187608064718,0.002537818973292022,0.0032590065813567397
81240,05,385363154.1092529,0.9999996929810098,2348.999278812392,8265.997462181027,10614.996740993418
81241,03,52658421.061035156,1.0,140.0,0.0,140.0
81242,05,5736521.451293945,1.0,1082.0,0.0,1082.0
81243,03,866666388.6688232,1.0,,,
81244,05,9542762.446166992,1.0,75.0,0.0,75.0
81248,03,666659866.019165,0.9999990895270637,,,
81248,05,606.976318359375,9.104729362940455e-07,,,
81251,03,236387342.70812988,0.9999999064970951,500.99995315504464,999.9999064970951,1500.9998596521398
81251,05,22.1029052734375,9.35029048236409e-08,4.684495531664409e-05,9.35029048236409e-05,0.00014034786014028498
81252,03,1596688822.072754,0.9999996287965275,5907.997806929884,4226.998430922922,10134.996237852805
81252,05,592.6966552734375,3.7120347250440916e-07,0.002193070115556049,0.0015690770782761376,0.003762147193832187
81253,03,205952525.5822754,0.6181615550853304,0.0,0.0,0.0
81253,05,127216892.4897461,0.38183844491466956,0.0,0.0,0.0
81301,03,1944528850.0855103,1.0,127738.0,30517.0,158609.0
81303,03,559876927.8532104,1.0,8071.0,948.0,9239.0
81320,03,487220242.7567749,1.0,140.0,0.0,140.0
81321,03,1094037176.1809692,1.0,16185.0,11054.0,27239.0
81323,03,1878018552.5283203,1.0,10436.0,1506.0,11942.0
81325,03,1478661219.894287,1.0,0.0,0.0,0.0
81326,03,648103327.3095703,1.0,9412.0,3550.0,12962.0
81327,03,91374768.36071777,1.0,0.0,2525.0,2525.0
81328,03,950919667.7322388,1.0,10619.0,12.0,10631.0
81330,03,169410987.03918457,1.0,500.0,0.0,500.0
81331,03,632953769.2949219,1.0,37.0,0.0,37.0
81332,03,156867803.8751831,1.0,93.0,0.0,93.0
81334,03,921896427.7133179,1.0,,,
81335,03,70369150.6069336,1.0,0.0,0.0,225.0
81401,03,605708076.6229248,1.0,13824.0,2883.0,17007.0
81403,03,1432322940.0587158,1.0,18078.0,14544.0,32872.0
81410,03,60167081.107543945,1.0,939.0,514.0,1453.0
81411,03,257718879.14385986,1.0,,,
81413,03,552174770.6035156,1.0,3454.0,3739.0,7193.0
81415,03,726462331.8865356,1.0,1916.0,1673.0,3589.0
81416,03,878234371.3561401,1.0,3104.0,4307.0,7411.0
81418,03,53466160.607055664,1.0,422.0,0.0,422.0
81419,03,527371038.31951904,1.0,2707.0,316.0,3023.0
81422,03,695635293.3909302,1.0,438.0,0.0,438.0
82063,03,1155.7724609375,1.5713779196747962e-06,,,
82063,02,735514118.0941162,0.9999984286220803,,,
81647,03,949621048.7701416,1.0,3405.0,1685.0,5090.0
81648,03,3191238519.066345,1.0,351.0,5855.0,6206.0
81649,02,205111518.86584473,1.0,,,
81650,03,2413497820.3860474,1.0,6072.0,833.0,6905.0
81652,03,232211686.3572998,1.0,4715.0,1079.0,5794.0
81653,03,155929501.73132324,1.0,,,
81654,03,229425981.73962402,1.0,28647.0,16196.0,44843.0
81655,03,97820592.11328125,0.2698354626344556,548.8453309984827,0.0,548.8453309984827
81655,02,264698815.67041016,0.7301645373655443,1485.154669001517,0.0,1485.154669001517
81656,03,2716615.5063476562,1.0,25845.0,0.0,25845.0
81657,03,10.142578125,3.516072108140786e-08,0.004096118523820772,0.00013427879380989663,0.004230397317630668
81657,02,288463303.8354492,0.9999999648392789,116496.99590388147,3818.999865721206,120315.99576960268
81148,03,603670.5936279297,1.0,,,
81149,03,2162090175.0179443,1.0,619.0,0.0,619.0
81151,03,580777959.5350342,1.0,0.0,0.0,0.0
81152,03,1144945425.0126953,0.9999998587852301,834.9998820856672,0.0,834.9998820856672
81152,04,161.6832275390625,1.4121476987010972e-07,0.00011791433284154161,0.0,0.00011791433284154161
81154,03,691726525.2861328,1.0,1156.0,870.0,2026.0
81155,03,819923207.4276123,0.999998994675703,569.9994269651507,0.0,569.9994269651507
81155,05,824.28955078125,1.00532429700218e-06,0.0005730348492912425,0.0,0.0005730348492912425
81423,03,1282633960.0080566,1.0,3171.0,672.0,3843.0
81424,03,796607835.2282104,1.0,500.0,150.0,650.0
81425,03,994619490.9432983,1.0,1634.0,693.0,2327.0
81426,03,43860615.75817871,1.0,579.0,0.0,579.0
81427,03,265917617.6425171,1.0,7271.0,22.0,7293.0
81428,03,569517245.6832275,1.0,12470.0,2375.0,14845.0
81429,03,594479473.5595093,1.0,,,
81430,03,659859297.6499634,1.0,9162.0,0.0,9162.0
81431,03,434276533.18981934,1.0,428.0,250.0,678.0
81432,03,709057036.4869385,1.0,17221.0,8320.0,25541.0
81433,03,795612327.6901245,1.0,3403.0,0.0,3403.0
81434,03,1552586749.447754,1.0,,,
81435,03,347974194.17962646,1.0,153837.0,5687.0,159524.0
81501,03,21150028.800109863,1.0,23624.0,5209.0,28833.0
81503,03,92089069.15704346,1.0,8002.0,2225.0,10227.0
81504,03,29535063.467590332,1.0,10316.0,7879.0,18375.0
81505,03,262232783.88409424,1.0,17354.0,10287.0,27641.0
81506,03,33407084.81378174,1.0,24126.0,10748.0,35174.0
81507,03,288076636.33795166,1.0,41809.0,17953.0,59762.0
81520,03,53845653.03814697,1.0,3383.0,123.0,3506.0
81521,03,388143341.765625,1.0,13011.0,6492.0,20143.0
81522,03,778255727.507019,1.0,0.0,200.0,200.0
81523,03,857349728.5556641,1.0,357.0,345.0,702.0
81524,03,438225615.49890137,1.0,575.0,877.0,1502.0
81525,03,309369466.00476074,1.0,145.0,13572.0,13717.0
81526,03,136267720.00793457,1.0,7070.0,2048.0,9118.0
81527,03,2020745675.5848389,1.0,782.0,734.0,1516.0
81601,03,898189200.3585205,1.0,25203.0,11488.0,36691.0
81610,03,806164251.8379517,1.0,,,
81611,03,1110438175.2774658,0.9999999999991206,346094.99999969563,54433.99999995213,400528.9999996478
81611,05,0.0009765625,8.794388753386716e-13,3.0436939756033755e-07,4.787137574018525e-08,3.5224077330052277e-07
81612,03,6975135.197509766,1.0,102741.0,8381.0,111122.0
81615,03,66555325.24182129,1.0,44540.0,2695.0,47235.0
81620,03,80232546.81616211,0.8228187850412457,74837.01413707138,7987.101946395373,82824.11608346675
81620,02,17276829.822753906,0.17718121495875422,16114.985862928614,1719.8980536046272,17834.88391653324
81621,03,578932524.4587402,0.9999999229332439,32394.997503422437,1219.9999059785575,33614.997409400996
81621,02,44.616455078125,7.706675606348542e-08,0.0024965775626766104,9.402144239745222e-05,0.0025905990050740626
81201,03,1164.3121337890625,1.0085546842220187e-06,0.029405420373177178,0.0014785411670694794,0.030883961540246654
81201,05,1154435131.5117188,0.9999989914453158,29155.970594579627,1465.998521458833,30621.96911603846
81210,03,1343362258.2452393,0.9999984221127751,149.99976331691627,0.0,149.99976331691627
81210,05,2119.677490234375,1.577887224843697e-06,0.00023668308372655454,0.0,0.00023668308372655454
81211,03,1011.572021484375,8.451933784856862e-07,0.008608294559876715,0.0037382903130421903,0.012346584872918905
81211,05,1196851740.985962,0.9999991548066215,10184.99139170544,4422.996261709687,14607.987653415126
81057,04,137953056.36254883,1.0,0.0,750.0,750.0
80002,01,83.9107666015625,5.168291599610541e-06,0.17594415092554166,0.12235413532917995,0.2982982862547216
80002,07,16235603.450195312,0.9999948317084004,34042.82405584907,23673.87764586467,57716.70170171375
80003,07,18316442.796142578,1.0,28820.0,4922.0,33742.0
80004,07,19465171.286499023,1.0,59658.0,13251.0,73409.0
80005,07,29833196.272460938,0.9999973591557069,62880.83394107001,19394.948780824936,82525.78206168386
80005,02,78.7850341796875,2.6408442930872273e-06,0.16605892999361793,0.051219175064426775,0.2179383161313165
80007,07,67735482.65026855,0.9943902630425091,48477.51971358536,19751.573794813357,68229.09350839871
80007,02,382121.84338378906,0.00560973695749089,273.4802864146384,111.42620518664155,384.9064916012799
80010,01,96956.34716796875,0.006778975158051189,100.85081342632753,0.0,100.85081342632753
80010,06,14205551.76171875,0.9932210248419489,14776.149186573673,0.0,14776.149186573673
80011,01,51132.8583984375,0.0007992635600075763,18.334306803013792,13.382869048766857,31.785912517941302
80011,06,63923832.29321289,0.9992007364399924,22920.665693196985,16730.617130951232,39737.21408748206
80012,01,92495.07421875,0.004595339793012411,96.29534536257508,56.9822134333539,153.27755879592897
80012,06,20035521.217285156,0.9954046602069876,20858.704654637426,12343.017786566646,33201.722441204074
80013,04,734881.9426269531,0.020303491401346907,967.5222757483841,211.27813152241592,1195.246235305891
80013,06,35459973.813964844,0.9796965085986531,46685.477724251614,10194.721868477583,57673.753764694105
80014,01,1823305.0344238281,0.09982355336829295,7034.965100077077,679.2992806712335,7714.264380748311
80014,06,16441973.779052734,0.900176446631707,63439.034899922925,6125.700719328766,69564.73561925169
80015,01,46.962890625,1.2470139750227054e-06,0.08332672082499219,0.0277024154551294,0.1110291362801216
80015,04,31122.96337890625,0.0008264135738049232,55.22178141521877,18.358777542076368,73.58055895729514
80015,06,37629106.193847656,0.9991723394122201,66765.69489186395,22196.61352004247,88962.30841190643
80016,01,0.000244140625,1.9560501121569398e-12,2.020091192828958e-07,1.1596638694933633e-07,3.190865426959373e-07
80016,04,39362869.459228516,0.31537457242334377,32569.993592448405,18697.29690069036,51446.42325027522
80016,06,85450203.31542969,0.6846254275747001,70704.00640734957,40588.70309919367,111681.57674940568
80017,06,15145592.35522461,1.0,39873.0,6986.0,46859.0
80018,04,11273330.177490234,0.16410743928106988,804.7828822343668,85.99229818328062,890.7751804176473
80018,06,57421484.79785156,0.8358925607189301,4099.217117765634,438.0077018167194,4537.224819582353
80459,03,2293.3076171875,1.5130216409551301e-06,0.0005295575743342956,0.0021484907301562847,0.0026780483044905805
80459,02,1515711398.4937744,0.999998486978359,349.99947044242566,1419.9978515092698,1769.9973219516955
80461,03,757476455.1790771,0.9999993896272599,8265.99495465893,417.9997448641946,8683.994699523124
80461,05,277.023193359375,3.6571833009182785e-07,0.003023027716539049,0.00015287026197838405,0.003175897978517433
80461,02,185.320068359375,2.446544100189161e-07,0.0020223133532163606,0.00010226554338790693,0.0021245788966042676
80463,03,314028919.29956055,0.9999997954877362,,,
80463,02,64.2227783203125,2.0451226380428648e-07,,,
80465,07,13564321.690185547,0.11462162586121935,4677.823173022223,3303.1660140686195,7980.989187090842
80465,02,104775665.0991211,0.8853783741387806,36133.176826977775,25514.83398593138,61648.01081290915
80466,02,235905948.2355957,1.0,36306.0,11642.0,48448.0
80467,03,598561143.0311279,0.9999999184553745,5576.9995452256235,2244.9998169323158,7821.99936215794
80467,02,48.8094482421875,8.154462552458238e-08,0.0004547743765505959,0.00018306768430268743,0.0006378420608532834
80468,02,1000260465.8221436,1.0,,,
80469,03,132501647.0703125,1.0,1100.0,0.0,1100.0
80470,05,157.9483642578125,4.562931946028378e-07,0.0018575695952281527,0.0027605738273471687,0.0048462900198767405
80470,02,346155266.0773926,0.9999995437068054,4070.998142430405,6049.997239426173,10620.99515370998
80471,02,1995638.9610595703,1.0,3120.0,0.0,3120.0
80473,03,165877952.78393555,0.9999999592014627,,,
80473,02,6.767578125,4.0798537330080416e-08,,,
80475,05,539.36083984375,1.916325008678465e-05,0.001916325008678465,0.0,0.001916325008678465
80475,02,28145043.3248291,0.9999808367499132,99.99808367499132,0.0,99.99808367499132
80820,05,765796863.9696045,1.0,2331.0,350.0,2681.0
80821,04,2203115637.668701,1.0,620.0,0.0,620.0
80822,04,548509368.9016113,1.0,,,
80823,04,1059200119.4370117,1.0,0.0,0.0,0.0
80824,04,279813007.4663086,1.0,,,
80825,04,1713846878.0910645,1.0,0.0,500.0,500.0
80827,05,638008074.6368408,0.9999999128425249,1269.9998893100067,1249.999891053156,2519.9997803631627
80827,04,54.718017578125,8.576382491739883e-08,0.00010892005764509651,0.00010720478114674853,0.00021612483879184506
80827,02,0.88916015625,1.3936501967614794e-09,1.769935749887079e-06,1.7420627459518493e-06,3.5119984958389283e-06
80828,04,1402365416.3684082,1.0,285.0,2060.0,2345.0
80829,05,55851893.341796875,1.0,20216.0,4152.0,24368.0
80830,05,1.138916015625,1.970086649979585e-09,,,
80830,04,578104528.2414551,0.9999999980299134,,,
80831,05,466592737.9433594,0.9489631603219735,7329.791450326923,2967.407802326811,10297.199252653734
80831,04,25094144.595947266,0.05103683967802655,394.2085496730771,159.59219767318902,553.8007473462661
80832,05,154829910.5180664,0.25003822292900707,,,
80832,04,464395057.1862793,0.7499617770709929,,,
80833,05,234706925.75927734,0.19120113268819225,0.0,95.60056634409612,95.60056634409612
80833,04,992832485.0141602,0.8087988673118077,0.0,404.39943365590386,404.39943365590386
80834,04,743873548.7224121,1.0,,,
80835,05,219.509765625,5.921670686202322e-07,,,
80835,04,370688691.1999512,0.9999994078329314,,,
80836,04,983590867.230957,1.0,420.0,3794.0,4214.0
80840,05,74752252.44506836,1.0,665.0,98.0,763.0
80860,05,195727401.99731445,1.0,1381.0,0.0,1381.0
81324,03,572270332.4017334,1.0,248.0,110.0,358.0
